<?xml version="1.0" encoding="UTF-8"?>
<project-private xmlns="http://www.netbeans.org/ns/project-private/1">
    <editor-bookmarks xmlns="http://www.netbeans.org/ns/editor-bookmarks/2" lastBookmarkId="0"/>
    <open-files xmlns="http://www.netbeans.org/ns/projectui-open-files/2">
        <group>
            <file>file:/C:/POO_Luis_Morales/taller14-JOSEPHMATHEO/problema01/Problema01/src/paquete02/Trabajador.java</file>
            <file>file:/C:/POO_Luis_Morales/taller14-JOSEPHMATHEO/problema01/Problema01/src/paquete02/Enlace.java</file>
            <file>file:/C:/POO_Luis_Morales/taller14-JOSEPHMATHEO/problema01/Problema01/src/paquete01/Principal.java</file>
        </group>
    </open-files>
</project-private>
